machine learning - en Suggestions - Created: 27-02-2021,,
Modifier Type,Modifier,Suggestion
questions,are,are machine learning and ai the same
questions,are,are machine learning and artificial intelligence the same
questions,are,are machine learning engineers in demand
questions,are,are machine learning and data science same
questions,are,are machine learning jobs in demand
questions,are,are machine learning algorithms patentable
questions,are,are machine learning models deterministic
questions,are,are machine learning and deep learning same
questions,can,can machine learning predict the stock market
questions,can,can machine learning predict lottery
questions,can,can machine learning be secure
questions,can,can machine learning be done in java
questions,can,can machine learning understand what data represents
questions,can,can machine learning be self taught
questions,can,can machine learning predict stock prices
questions,can,can machine learning be done in c++
questions,how,how machine learning works
questions,how,how machine learning helps business
questions,how,how machine learning algorithms work
questions,how,how machine learning related to artificial intelligence
questions,how,how machine learning is changing the world
questions,how,how machine learning works pdf
questions,how,how machine learning is different from artificial intelligence
questions,how,how machine learning is different from conventional programming
questions,what,what machine learning model to use
questions,what,what machine learning can do
questions,what,what machine learning algorithm should i use
questions,what,what machine learning technique helps in answering
questions,what,what machine learning engineer do
questions,what,what machine learning is
questions,what,what machine learning can and cannot do
questions,what,what machine learning do
questions,when,when machine learning goes off the rails
questions,when,when machine learning started
questions,when,when machine learning invented
questions,when,when machine learning fails
questions,when,when machine learning is used
questions,when,when machine learning meets privacy
questions,where,where machine learning is used
questions,where,where machine learning is applied
questions,where,where machine learning meets cryptography
questions,where,where machine learning cannot be applied
questions,where,which machine learning course is best
questions,where,which machine learning certification is best
questions,where,which machine learning algorithm
questions,where,which machine learning
questions,which,which machine learning model to use
questions,which,which machine learning algorithm should i use
questions,which,which machine learning algorithms to use
questions,which,which machine learning course is best
questions,which,which machine learning algorithm is used in face recognition
questions,which,which machine learning algorithm is best
questions,which,which machine learning library to use
questions,which,which machine learning method to use
questions,who,which machine learning course is best
questions,who,which machine learning certification is best
questions,who,which machine learning algorithm
questions,who,which machine learning
questions,who,which machine learning to use
questions,who,that machine learning methods
questions,who,who are machine learning experts
questions,who,who is machine learning engineer
questions,why,why machine learning is important
questions,why,why machine learning is the future
questions,why,why machine learning is used
questions,why,why machine learning is required
questions,why,why machine learning matters
questions,why,why machine learning is important quora
questions,why,why machine learning is used in computer
questions,why,why machine learning in data science
questions,will,will machine learning engineers be automated
questions,will,will machine learning die
questions,will,will machine learning be automated
questions,will,will machine learning be a groundbreaking technology in the future
questions,will,will machine learning replace humans
questions,will,will machine learning replace jobs
questions,will,will machine learning replace programmers
questions,will,will machine learning replace statistics
prepositions,can,machine learning can do
prepositions,can,machine learning can be used to
prepositions,can,machine learning can be applied to
prepositions,can,machine learning can classify as
prepositions,can,machine learning can be defined as
prepositions,can,machine learning can best be described as
prepositions,can,machine learning can ban
prepositions,can,machine learning can be defined in terms of
prepositions,for,machine learning for kids
prepositions,for,machine learning for dummies
prepositions,for,machine learning for beginners
prepositions,for,machine learning for algorithmic trading
prepositions,for,machine learning for trading
prepositions,for,machine learning for finance
prepositions,for,machine learning for asset managers
prepositions,for,machine learning for absolute beginners
prepositions,is,machine learning is a subset of
prepositions,is,machine learning is inspired by the structure of the brain
prepositions,is,machine learning is a subset of deep learning
prepositions,is,machine learning is a subset of artificial intelligence
prepositions,is,machine learning is a way of a computer
prepositions,is,machine learning is also known as
prepositions,is,machine learning is fun
prepositions,is,machine learning is just statistics
prepositions,near,machine learning near me
prepositions,near,machine learning near marathahalli
prepositions,near,machine learning jobs near me
prepositions,near,machine learning course near me
prepositions,near,machine learning classes near me
prepositions,near,machine learning tutors near me
prepositions,near,machine learning internship near me
prepositions,near,machine learning bootcamp near me
prepositions,to,machine learning to predict
prepositions,to,machine learning to predict stock prices
prepositions,to,machine learning to write articles
prepositions,to,machine learning to detect fake news
prepositions,to,machine learning to identify patterns
prepositions,to,machine learning to detect cancer
prepositions,to,machine learning to predict lottery
prepositions,to,machine learning to predict server failure
prepositions,with,machine learning with python
prepositions,with,machine learning with r
prepositions,with,machine learning with matlab
prepositions,with,machine learning with python book
prepositions,with,machine learning with javascript
prepositions,with,machine learning with tensorflow
prepositions,with,machine learning with applications
prepositions,with,machine learning with c++
prepositions,without,machine learning without neural networks
prepositions,without,machine learning without degree reddit
prepositions,without,machine learning without coding
prepositions,without,machine learning without data
prepositions,without,machine learning without degree
prepositions,without,machine learning without math
prepositions,without,machine learning without training data
prepositions,without,machine learning without gpu
comparisons,and,machine learning and artificial intelligence
comparisons,and,machine learning and ai
comparisons,and,machine learning and deep learning
comparisons,and,machine learning and data science
comparisons,and,machine learning and ai difference
comparisons,and,machine learning and big data
comparisons,and,machine learning and neural networks
comparisons,and,machine learning and machine intelligence cambridge
comparisons,like,machine learning like tensorflow
comparisons,like,machine learning like
comparisons,like,machine learning is like teenage
comparisons,like,machine learning is like money laundering for bias
comparisons,like,machine learning is like the human brain because
comparisons,like,machine learning look like
comparisons,like,machine learning drug-like
comparisons,like,machine learning is a lot like
comparisons,or,machine learning or ai
comparisons,or,machine learning or deep learning
comparisons,or,machine learning or data science
comparisons,or,machine learning or deep learning library for python
comparisons,or,machine learning or web development
comparisons,or,machine learning or software engineering
comparisons,or,machine learning or cyber security
comparisons,or,machine learning or cloud computing
comparisons,versus,machine learning versus ai
comparisons,versus,machine learning versus deep learning
comparisons,versus,machine learning versus data science
comparisons,versus,machine learning versus statistical modeling
comparisons,versus,machine learning versus neural networks
comparisons,versus,machine learning versus data mining
comparisons,versus,machine learning versus logistic regression
comparisons,versus,machine learning versus regression
comparisons,vs,machine learning vs ai
comparisons,vs,machine learning vs deep learning
comparisons,vs,machine learning vs artificial intelligence
comparisons,vs,machine learning vs data science
comparisons,vs,machine learning vs neural networks
comparisons,vs,machine learning vs statistics
comparisons,vs,machine learning vs data mining
comparisons,vs,machine learning vs software engineering
alphabeticals,a,machine learning algorithms
alphabeticals,a,machine learning a probabilistic perspective
alphabeticals,a,machine learning applications
alphabeticals,a,machine learning and artificial intelligence
alphabeticals,a,machine learning ai
alphabeticals,a,machine learning andrew ng
alphabeticals,a,machine learning a probabilistic perspective pdf
alphabeticals,a,machine learning algorithms cheat sheet
alphabeticals,b,machine learning books
alphabeticals,b,machine learning basics
alphabeticals,b,machine learning bias
alphabeticals,b,machine learning books for beginners
alphabeticals,b,machine learning boosting
alphabeticals,b,machine learning bootcamp
alphabeticals,b,machine learning big data
alphabeticals,b,machine learning biology
alphabeticals,c,machine learning course
alphabeticals,c,machine learning classification
alphabeticals,c,machine learning coursera
alphabeticals,c,machine learning certification
alphabeticals,c,machine learning companies
alphabeticals,c,machine learning clustering
alphabeticals,c,machine learning crash course
alphabeticals,c,machine learning cheat sheet
alphabeticals,d,machine learning definition
alphabeticals,d,machine learning datasets
alphabeticals,d,machine learning data
alphabeticals,d,machine learning design patterns
alphabeticals,d,machine learning degree
alphabeticals,d,machine learning decision tree
alphabeticals,d,machine learning deep learning
alphabeticals,d,machine learning data science
alphabeticals,e,machine learning engineer
alphabeticals,e,machine learning engineer salary
alphabeticals,e,machine learning engineer jobs
alphabeticals,e,machine learning examples
alphabeticals,e,machine learning engineer salary uk
alphabeticals,e,machine learning engineer salary london
alphabeticals,e,machine learning engineer vs data scientist
alphabeticals,e,machine learning explained
alphabeticals,f,machine learning for kids
alphabeticals,f,machine learning for dummies
alphabeticals,f,machine learning for beginners
alphabeticals,f,machine learning frameworks
alphabeticals,f,machine learning finance
alphabeticals,f,machine learning for trading
alphabeticals,f,machine learning feature selection
alphabeticals,f,machine learning for algorithmic trading
alphabeticals,g,machine learning graduate
alphabeticals,g,machine learning graduate jobs
alphabeticals,g,machine learning google
alphabeticals,g,machine learning graduate scheme
alphabeticals,g,machine learning game
alphabeticals,g,machine learning glossary
alphabeticals,g,machine learning graduate programs
alphabeticals,g,machine learning gpu
alphabeticals,h,machine learning healthcare
alphabeticals,h,machine learning hyperparameter
alphabeticals,h,machine learning history
alphabeticals,h,machine learning hardware
alphabeticals,h,machine learning horse racing
alphabeticals,h,machine learning hedge fund
alphabeticals,h,machine learning healthcare jobs
alphabeticals,h,machine learning hyperparameter tuning
alphabeticals,i,machine learning in finance
alphabeticals,i,machine learning interview questions
alphabeticals,i,machine learning internship
alphabeticals,i,machine learning in python
alphabeticals,i,machine learning in r
alphabeticals,i,machine learning icon
alphabeticals,i,machine learning in healthcare
alphabeticals,i,machine learning introduction
alphabeticals,j,machine learning jobs
alphabeticals,j,machine learning jobs london
alphabeticals,j,machine learning jobs uk
alphabeticals,j,machine learning journal
alphabeticals,j,machine learning jobs salary
alphabeticals,j,machine learning jokes
alphabeticals,j,machine learning java
alphabeticals,j,machine learning javascript
alphabeticals,k,machine learning kernel
alphabeticals,k,machine learning kcl
alphabeticals,k,machine learning keras
alphabeticals,k,machine learning kaggle
alphabeticals,k,machine learning kubrick
alphabeticals,k,machine learning kevin murphy
alphabeticals,k,machine learning knn
alphabeticals,k,machine learning keywords
alphabeticals,l,machine learning libraries
alphabeticals,l,machine learning language
alphabeticals,l,machine learning loss
alphabeticals,l,machine learning linear regression
alphabeticals,l,machine learning libraries python
alphabeticals,l,machine learning laptop
alphabeticals,l,machine learning logo
alphabeticals,l,machine learning loss function
alphabeticals,m,machine learning models
alphabeticals,m,machine learning masters
alphabeticals,m,machine learning meaning
alphabeticals,m,machine learning mastery
alphabeticals,m,machine learning methods
alphabeticals,m,machine learning msc
alphabeticals,m,machine learning meme
alphabeticals,m,machine learning matlab
alphabeticals,n,machine learning news
alphabeticals,n,machine learning neural networks
alphabeticals,n,machine learning nlp
alphabeticals,n,machine learning normalization
alphabeticals,n,machine learning neuroscience
alphabeticals,n,machine learning nhs
alphabeticals,n,machine learning nanodegree
alphabeticals,n,machine learning notes
alphabeticals,o,machine learning overfitting
alphabeticals,o,machine learning oxford
alphabeticals,o,machine learning online course
alphabeticals,o,machine learning optimization
alphabeticals,o,machine learning overview
alphabeticals,o,machine learning online
alphabeticals,o,machine learning operations
alphabeticals,o,machine learning ops
alphabeticals,p,machine learning python
alphabeticals,p,machine learning projects
alphabeticals,p,machine learning pipeline
alphabeticals,p,machine learning phd
alphabeticals,p,machine learning prediction
alphabeticals,p,machine learning projects for beginners
alphabeticals,p,machine learning process
alphabeticals,p,machine learning pdf
alphabeticals,q,machine learning questions
alphabeticals,q,machine learning quiz
alphabeticals,q,machine learning quant
alphabeticals,q,machine learning qualifications
alphabeticals,q,machine learning quotes
alphabeticals,q,machine learning qmul
alphabeticals,q,machine learning quantum computing
alphabeticals,q,machine learning quant jobs
alphabeticals,r,machine learning regression
alphabeticals,r,machine learning reddit
alphabeticals,r,machine learning researcher
alphabeticals,r,machine learning repository
alphabeticals,r,machine learning recommendation system
alphabeticals,r,machine learning regression models
alphabeticals,r,machine learning roadmap
alphabeticals,r,machine learning regularization
alphabeticals,s,machine learning salary
alphabeticals,s,machine learning software
alphabeticals,s,machine learning stock market
alphabeticals,s,machine learning salary uk
alphabeticals,s,machine learning stanford
alphabeticals,s,machine learning stocks
alphabeticals,s,machine learning statistics
alphabeticals,s,machine learning scientist
alphabeticals,t,machine learning techniques
alphabeticals,t,machine learning tutorial
alphabeticals,t,machine learning tools
alphabeticals,t,machine learning training
alphabeticals,t,machine learning types
alphabeticals,t,machine learning trading
alphabeticals,t,machine learning time series
alphabeticals,t,machine learning textbook
alphabeticals,u,machine learning ucl
alphabeticals,u,machine learning uses
alphabeticals,u,machine learning use cases
alphabeticals,u,machine learning university
alphabeticals,u,machine learning uk
alphabeticals,u,machine learning udemy
alphabeticals,u,machine learning unsupervised
alphabeticals,u,machine learning unity
alphabeticals,v,machine learning vs ai
alphabeticals,v,machine learning vs deep learning
alphabeticals,v,machine learning vs artificial intelligence
alphabeticals,v,machine learning vs data science
alphabeticals,v,machine learning vs neural networks
alphabeticals,v,machine learning validation
alphabeticals,v,machine learning vs statistics
alphabeticals,v,machine learning visualization
alphabeticals,w,machine learning with python
alphabeticals,w,machine learning wiki
alphabeticals,w,machine learning with r
alphabeticals,w,machine learning workflow
alphabeticals,w,machine learning warwick
alphabeticals,w,machine learning with matlab
alphabeticals,w,machine learning with python book
alphabeticals,w,machine learning with javascript
alphabeticals,x,machine learning xkcd
alphabeticals,x,machine learning x ray
alphabeticals,x,machine learning xgboost
alphabeticals,x,machine learning x and y
alphabeticals,x,machine learning xor
alphabeticals,x,machine learning xbox series x
alphabeticals,x,machine learning xcode
alphabeticals,x,machine learning x_train y_train
alphabeticals,y,machine learning yearning
alphabeticals,y,machine learning youtube
alphabeticals,y,machine learning yearning pdf
alphabeticals,y,machine learning youtube channels
alphabeticals,y,machine learning yolo
alphabeticals,y,machine learning yearning amazon
alphabeticals,y,machine learning yale
alphabeticals,y,machine learning york university
alphabeticals,z,machine learning zero shot
alphabeticals,z,machine learning zero to hero
alphabeticals,z,machine learning zero to mastery
alphabeticals,z,machine learning zoo
alphabeticals,z,machine learning zagreb
alphabeticals,z,machine learning zurich
alphabeticals,z,machine learning zero to hero (google i/o'19)
alphabeticals,z,machine learning zhihua zhou
related,,machine learning engineer
related,,machine learning algorithms
related,,machine learning course
related,,machine learning definition
related,,machine learning jobs
related,,machine learning python
related,,machine learning engineer salary
related,,machine learning vs ai
